post_id|username|texto|likes
t3_abc001|spez|Today we launched a major update to the reddit API that improves performance|4821
t3_abc002|gallowboob|This is the most beautiful sunset I have ever photographed in Iceland|38420
t3_abc003|Poem_for_your_sprog|A child asked me why the sky is blue and I wrote a poem about science and wonder|15234
t3_abc004|shitty_watercolour|I painted your top post of the week in watercolor hope you enjoy the art|9871
t3_abc005|qgyh2|Python is the best programming language for beginners learning to code|3421
t3_abc006|karmanaut|The best programming tutorial I found for learning javascript and web development|2341
t3_abc007|Trapped_in_Reddit|My cat learned to open doors and now nothing in my house is safe from her|7823
t3_abc008|andytuba|I spent three months learning to play guitar and this is the result of my practice|4512
t3_abc009|perche_no|Hiking in the mountains of Patagonia was the best experience of my entire life|6234
t3_abc010|anutensil|The new season of the show was incredible with amazing plot twists at the end|3218
t3_abc011|mvea|Scientists discovered a new species of frog in the Amazon rainforest last week|8923
t3_abc012|drunken_economist|The economy is showing signs of recovery after years of slow growth and inflation|2341
t3_abc013|cyrus_the_virus94|I built my first gaming PC and the performance blew me away completely|5678
t3_abc014|IAmAN00b|Learning python for the first time and loving every moment of the journey|4123
t3_abc015|hahainternet|This meme perfectly captures the feeling of Monday morning before coffee|12384
t3_abc016|JacksonTweed|Photography tip use natural light whenever possible for portrait photos|3891
t3_abc017|hueylewisandthenews|I restored a vintage bicycle and now it looks better than when it was new|4562
t3_abc018|acidtwist|The best coffee shops in Seattle for remote work and programming sessions|2987
t3_abc019|maxwelldeux|I learned three new programming languages this year and python was my favorite|3456
t3_abc020|PeterMolydeux|What if video games could teach children about empathy and social responsibility|8234
t3_abc021|iphone5s|Comparing the latest smartphones the camera quality has improved dramatically|6543
t3_abc022|unidan|The ecology of urban forests is much more complex than most people realize|4321
t3_abc023|SrGrafo|Drew a comic about the struggles of being a developer working from home|19823
t3_abc024|TheFeshy|My dog learned to skateboard and now he is better than me at it seriously|23412
t3_abc025|YamiNoSenshi|The history of the Japanese samurai is far more nuanced than movies portray|3127
t3_abc026|CaptainSarcasmo|How to make the perfect homemade pizza dough recipe that actually works|7823
t3_abc027|spez|Reddit is updating its content policy to better protect users from harassment|3219
t3_abc028|gallowboob|The aurora borealis in Norway at midnight is something truly magical to witness|29384
t3_abc029|Poem_for_your_sprog|She said she was afraid of the dark so I wrote her a poem about stars and light|17823
t3_abc030|qgyh2|Learning to code changed my career and my life in ways I never expected|5432
t3_abc031|karmanaut|The best open source tools for web developers in this year are all free|2341
t3_abc032|Trapped_in_Reddit|Update on my cat who learned to open doors she now opens the fridge too|8234
t3_abc033|andytuba|Music theory for beginners a simple guide to understanding chords and scales|3891
t3_abc034|mvea|New research shows that exercise improves mental health better than medication alone|9123
t3_abc035|IAmAN00b|Python tip you can use list comprehensions to make your code much cleaner|5678
t3_abc036|hahainternet|The way my dog looks at me when I eat without sharing anything with him|18234
t3_abc037|SrGrafo|When the code finally works after three days of debugging pure happiness|31234
t3_abc038|TheFeshy|Taught my dog to fetch specific toys by name and now he knows fifteen objects|14523
t3_abc039|acidtwist|Review of the best programming books for learning python and data structures|4123
t3_abc040|maxwelldeux|The most underrated feature of python is how readable the code can be|3456
t3_abc041|unidan|Biodiversity in coral reefs is declining faster than scientists previously thought|6234
t3_abc042|drunken_economist|Understanding inflation and how it affects the daily lives of ordinary people|3218
t3_abc043|JacksonTweed|Night photography tips how to capture stars without expensive equipment or lenses|4562
t3_abc044|hueylewisandthenews|Vinyl records sound warmer than digital and here is the science behind why|5234
t3_abc045|cyrus_the_virus94|The best budget gaming setup you can build for under five hundred dollars|7823
t3_abc046|PeterMolydeux|Imagine a world where every game teaches you a new language as you play it|4321
t3_abc047|iphone5s|Tips for taking better photos with your phone in low light conditions at night|6543
t3_abc048|CaptainSarcasmo|Italian pasta recipe that my grandmother taught me and it never fails to impress|9823
t3_abc049|YamiNoSenshi|Why the philosophy of stoicism is more relevant today than it was in ancient times|4127
t3_abc050|LetMeSoloHer|I defeated the hardest boss in the game using only the starting equipment solo|28934
