user_id|username|karma
u1|spez|485200
u2|gallowboob|312400
u3|Poem_for_your_sprog|198700
u4|shitty_watercolour|176300
u5|GallowBoob|152100
u6|qgyh2|134500
u7|karmanaut|129800
u8|Trapped_in_Reddit|121300
u9|andytuba|98700
u10|perche_no|87200
u11|anutensil|76400
u12|mvea|74100
u13|drunken_economist|68300
u14|cyrus_the_virus94|61200
u15|IAmAN00b|57800
u16|hahainternet|54300
u17|JacksonTweed|49100
u18|hueylewisandthenews|46800
u19|acidtwist|43200
u20|maxwelldeux|41700
u21|PeterMolydeux|39400
u22|iphone5s|37800
u23|unidan|35200
u24|SrGrafo|34600
u25|xkcd_transcriber|31900
u26|nicebot|30700
u27|TheFeshy|28800
u28|YamiNoSenshi|27200
u29|CaptainSarcasmo|26100
u30|LetMeSoloHer|24900
